Павел;Дуров;4
Александра;Владимирова;3
Илья;Перекопский;5
Николай;Дуров;5
Алексей;Кобылянский;4
Аки;Сепиашвили;0
Настя;Васильева;5
Александр;Кузнецов;2
Михаил;Петров;5
Андрей;Городецкий;3
Сергей;Васильков;2
Виктория;Беспалова;4
Александр;Беспалов;1
Симон;Кречмер;4
Светочек;Аленький;1
Илья;Турпиашвили;3
Михаил;Равдоникас;4
Семен;Воронин;0
Андрей;Столбовский;2
Рамми;Цицуашвили;5
Анастасия;Ведущенко;0
Юлия;Семиколенова;3
Татьяна;Плуталова;0
Иван;Смирнов;3
Михаил;Казекин;3
Олег;Чередников;3
Владислав;Миллер;5
Сергей;Маркин;0
Хаим;Турпиашвили;2
Тамара;Мирилашвили;3
Сергей;Виноградов;2
Андрей;Лесохин;5
Габриел;Шалел;5
Бот;Мороз;1
Снегурочка;Морозова;3
Михаил;Вознесенский;3
Екатерина;Фуртикова;5
Андрей;Смирнов;3
Андрей;Чернышев;0
Сергей;Владимиров;1
Александр;Ковалев;1
Анастасия;Желудкова;1
Даниэль;Розенберг;5
Григорий;Конрадт;5
Анастасия;Ланина;5
Никита;Поликарпов;2
Вика;Мирилашвили;5
Митя;Миронов;2
Людмила;Романченко;4
Надежда;Лебедева;5
Наташа;Филимонова;1
Екатерина;Копылова;2
Анна;Руднева;2
Давид;Спектер;4
Влад;Куценко;2
Дмитрий;Тихомиров;5
Фёдор;Медведев;4
Никита;Пиастро;5
Екатерина;Калинина;4
Полина;Олейник;0
Дарья;Белинская;5
Анна;Забоева;5
Екатерина;Теплова;3
Наталья;Брагина;3
